Aaron Bergman,dneggrinicl@intel.com,133-441-7569,3,2212,887
Aaron Hawkins,iguerri4g@cbslocal.com,708-261-3248,7,1809,1744
Aaron Smayling,tphillputl2@virginia.edu,658-680-6476,7,1885,3050
Adam Bellavance,aduligalil@gmpg.org,742-161-8636,8,1851,7756
Adam Hart,kcortendk@stumbleupon.com,947-165-6297,10,1831,3249
Adam Shillingsburg,acubbini97@livejournal.com,497-208-8106,9,1825,3256
Adrian Barton,jheinemann13@e-recht24.de,252-427-8832,10,1838,14474
Adrian Hane,cfandrey6p@wikispaces.com,907-912-9999,7,1857,1734
Adrian Shami,dstedmondl3@themeforest.net,259-657-3203,2,1838,59
Aimee Bixby,dbiskupem@virginia.edu,329-712-0999,5,1838,968
Alan Barnes,oroderhamgf@friendfeed.com,118-209-1907,8,1822,1114
Alan Dominguez,cfillimore85@gizmodo.com,987-719-7944,8,1826,6107
Alan Haines,dstapelsgz@spiegel.de,546-421-0078,4,1852,1587
Alan Hwang,acapenorcr@topsy.com,294-990-6480,9,1803,4806
Alan Schoenberger,fgonoude3n@xrea.com,919-703-1196,5,1819,4261
Alan Shonely,ttuffell89@ezinearticles.com,217-410-2938,7,1989,585
Alejandro Ballentine,mcurley6l@google.nl,619-534-8893,9,1963,914
Alejandro Grove,cscherme11@jugem.jp,794-851-0895,5,2075,2584
Alejandro Savely,pcarmodyk4@whitehouse.gov,571-502-9259,6,1816,3214
Aleksandra Gannaway,cosbournebu@soundcloud.com,901-799-7450,4,1915,368
Alex Avila,mbrunning84@tripod.com,746-640-7005,5,1981,5564
Alex Grayson,racejm@pinterest.com,946-900-4695,5,1805,662
Alex Russell,aadvanii1@scribd.com,881-716-6446,4,1908,1056
Alice McCarthy,aloachhead93@umich.edu,519-956-7328,5,1825,814
Allen Armold,jfairbanks8p@ycombinator.com,280-915-5584,9,1816,1057
Allen Goldenen,bmanna7e@sohu.com,907-530-3771,5,1911,201
Allen Rosenblatt,smcartda@addthis.com,607-548-8205,5,1922,2236
Alyssa Crouse,vfiler8i@mtv.com,799-216-1976,3,2029,926
Alyssa Tate,nwinterflood3w@chicagotribune.com,683-700-1292,6,1818,1171
Amy Cox,hmayoraljd@ebay.com,723-174-0615,7,1808,5528
Amy Hunt,snoursei5@paginegialle.it,979-431-6851,5,2027,2496
Andrew Allen,eskillmancy@acquirethisname.com,506-664-9270,4,2056,1791
Andrew Gjertsen,jkanwellfe@histats.com,355-441-2808,8,1875,2356
Andrew Roberts,akeable4w@amazon.de,189-819-1401,5,1811,265
Andy Gerbode,cpetegrede@tiny.cc,539-575-5979,4,2642,1456
Andy Reiter,mbartholat6k@mtv.com,262-167-9957,6,1803,6609
Andy Yotov,cmatthewsk@wp.com,785-847-2673,4,1811,497
Anemone Ratner,etanzigl8@bizjournals.com,510-296-4458,1,2331,88
Angele Hood,cbeadeldp@bluehost.com,823-718-2151,4,1818,738
Ann Blume,fkolodziejski51@creativecommons.org,105-786-7373,4,1847,1515
Ann Chong,kavrasinev@auda.org.au,485-112-3462,5,1803,2538
Ann Steele,cvennerj@illinois.edu,578-365-5795,7,1889,833
Anna Andreadi,ospinkbe@state.tx.us,164-607-9300,6,1852,5087
Anna Chung,tvigrassks@psu.edu,481-813-1732,5,2079,658
Anna Gayman,ipavlovhv@cdc.gov,140-735-1402,7,1894,3488
Anna HŠberlin,madlemdl@multiply.com,420-932-6613,12,2207,7888
Anne McFarland,rdoerfferbn@lulu.com,430-341-6819,8,1959,5664
Anne Pryor,nraffles83@ucoz.com,383-797-5986,8,1838,1638
Annie Thurman,owickbq@smugmug.com,362-666-7015,10,1810,3831
Annie Zypern,grieplc0@theglobeandmail.com,829-905-9248,6,1957,1623
Anthony Garverick,bfawbertg2@canalblog.com,937-607-6323,4,1874,171
Anthony Jacobs,gcallum2z@delicious.com,582-299-7612,7,1872,4868
Anthony Johnson,owhannel2h@disqus.com,684-670-0442,7,1963,4502
Anthony O'Donnell,emcclancyl1@unicef.org,248-154-4736,1,2298,161
Anthony Rawles,acoger36@seattletimes.com,633-601-5685,8,1855,4523
Anthony Witt,agocherhc@feedburner.com,752-252-4516,4,1817,649
Arianne Irving,chaffendenw@usa.gov,286-926-5189,10,1810,4376
Art Ferguson,skitchingjg@answers.com,563-473-1290,7,1838,2052
Art Foster,wdelacroix1g@shareasale.com,515-553-3553,4,2212,862
Arthur Gainer,mborchardtgc@amazon.com,422-525-2519,10,1893,4511
Arthur Prichep,ebowlas21@home.pl,464-992-1889,10,1895,3324
Arthur Wiediger,koxtebyid@joomla.org,221-673-9066,7,1843,2853
Ashley Jarboe,dothamd0@webmd.com,662-490-1805,7,1882,1838
Astrea Jones,uhought4d@walmart.com,157-127-2351,3,1871,629
Barbara Fisher,relleton3e@aboutads.info,701-340-8199,7,1888,600
Barry Blumstein,pkubaseo@forbes.com,889-964-8779,5,1902,744
Barry Franz,lgreschikb1@histats.com,340-743-0206,4,1836,1334
Barry Franzšsisch,lblewmene6@pen.io,237-853-8551,8,1871,2889
Barry Gonzalez,nshinefieldcz@oracle.com,439-920-0554,8,1825,2799
Barry Pond,aclerkejs@businessinsider.com,376-792-5856,5,1880,983
Barry Weirich,gjanowicz5@ehow.com,442-688-9608,3,2009,386
Bart Folk,dcharletdq@toplist.cz,626-719-3907,3,1822,274
Bart Pistole,nmathivona6@upenn.edu,936-787-9797,12,1814,2441
Bart Watters,tbrosefn@yahoo.co.jp,304-824-8420,8,1918,4751
Becky Castell,dkohen4h@wix.com,176-715-4780,9,1999,2934
Becky Martin,kdaughtonao@go.com,638-468-0293,4,2104,11790
Becky Pak,twillimentj1@home.pl,852-533-7751,6,1886,1698
Ben Ferrer,bdrexel3k@mashable.com,152-208-5800,11,1813,5907
Ben Peterman,ldumphriesjf@naver.com,701-712-7590,9,1798,3675
Ben Wallace,aderyebarrett3d@clickbank.net,577-506-0755,6,2000,1739
Benjamin Farhat,btippin15@tumblr.com,235-387-6492,4,1862,1586
Benjamin Patterson,gkivellel@who.int,890-798-8695,5,1836,1182
Benjamin Venier,hsimunekf6@opensource.org,607-456-8279,5,2131,1522
Berenike Kampe,fbosnell7i@msn.com,825-471-9878,6,1874,660
Beth Fritzler,nrazouxbw@hatena.ne.jp,768-335-6604,3,1854,792
Beth Paige,curquhartcq@drupal.org,511-967-6069,7,1809,2474
Beth Thompson,dvasyukovef@php.net,887-510-6391,5,2133,2568
Bill Donatelli,fmaccarigo@a8.net,181-606-9491,12,1830,5719
Bill Eplett,aclemeskl@youku.com,143-289-8926,5,1916,4205
Bill Overfelt,tjurcajo@ed.gov,288-925-7850,5,1934,2684
Bill Shonely,eromaej@amazon.de,487-152-7337,5,2355,10502
Bill Stewart,hcorrieia@webnode.com,712-629-6005,5,1825,3888
Bill Tyler,ldilgarno2r@vimeo.com,254-344-0500,6,2099,2187
Bobby Elias,jscarletjt@redcross.org,738-888-9599,5,1895,2262
Bobby Odegard,smcallht@bigcartel.com,733-314-1398,2,1872,131
Bobby Trafton,schitteyaj@washington.edu,280-975-3606,4,2357,604
Brad Eason,horganerge@tripod.com,898-662-2671,6,2051,1727
Brad Norvell,mcourseaf@altervista.org,974-338-5733,4,1821,266
Brad Thomas,llunaje@t-online.de,624-195-1142,2,2456,415
Bradley Drucker,dquiddintonav@fema.gov,298-452-5464,6,1832,4411
Bradley Nguyen,cgregon1l@google.co.jp,785-366-4914,5,1806,1460
Bradley Talbott,tkelinge1u@friendfeed.com,118-318-4603,5,1888,2685
Brenda Bowman,kanderfo@usa.gov,910-307-2216,9,1825,6766
Brendan Dodson,kknollerjc@bizjournals.com,981-468-3303,2,2075,321
Brendan Murry,kdalgetyff@seesaa.net,868-203-8804,6,1897,809
Brendan Sweed,vambrose2b@vistaprint.com,335-760-2242,6,1832,2454
Brian Dahlen,hpiped7@angelfire.com,184-845-5957,7,1894,3289
Brian DeCherney,rephgraveci@ning.com,661-866-6741,6,1866,1539
Brian Derr,dfassumck@sun.com,724-201-8509,3,1806,583
Brian Moss,wstrathman7f@freewebs.com,715-213-3142,11,1830,7295
Brian Stugart,rgoodbarr7j@bravesites.com,252-726-1320,3,2379,3288
Brian Thompson,braspin6e@upenn.edu,308-574-2219,7,1817,3196
Brooke Gillingham,emetrick7y@goo.gl,748-120-1149,6,1833,1873
Brosina Hoffman,hwhittle53@springer.com,711-129-8494,8,1820,6255
Bruce Degenhardt,bwhiteh9@ycombinator.com,210-654-9478,6,1890,1527
Bruce Geld,acallise2@example.com,343-873-7167,6,1854,1006
Bruce Stewart,bhallet19@hibu.com,269-367-8368,7,1798,2563
Bryan Davis,achaffinkh@smh.com.au,423-182-7293,6,2124,658
Bryan Mills,ffayre2i@joomla.org,223-803-8812,10,2015,1339
Bryan Spruell,lwedderburngv@slate.com,641-802-6332,2,2062,950
Candace McMahon,hstambridge7w@lycos.com,262-140-2558,6,1928,1674
Cari Sayre,gnadin8n@flavors.me,738-719-4508,5,1888,1279
Cari Schnelling,sdreger74@timesonline.co.uk,992-344-7901,6,1959,537
Carl Jackson,slackneyla@sciencedirect.com,821-147-1795,1,2162,17
Carl Ludwig,ngrunguerlu@whitehouse.gov,984-779-2815,4,1903,1263
Carl Weiss,gnorcop9h@senate.gov,247-290-2435,6,1819,1138
Carlos Daly,mjustebt@google.com.hk,160-587-4546,5,1837,2035
Carlos Meador,rdraysayih@rediff.com,732-689-6914,2,2505,565
Carlos Soltero,cskatcheriq@istockphoto.com,846-541-4095,11,1822,3038
Carol Adams,bbrauningerei@reddit.com,304-703-8336,6,1893,3790
Carol Darley,bsnelsonjh@foxnews.com,394-966-9277,3,1851,640
Carol Triggs,adewittag@squarespace.com,438-817-7573,8,1893,3242
Caroline Jumper,hmollattkf@amazon.co.uk,596-400-5647,8,1986,11166
Cassandra Brandow,obundock8r@infoseek.co.jp,599-594-6808,10,1844,6076
Catherine Glotzbach,kreuterj4@fda.gov,808-590-1666,6,1846,905
Cathy Armstrong,mmidghallj9@comcast.net,581-939-0035,5,2198,1680
Cathy Hwang,ihawgoodgx@mapquest.com,314-980-3014,3,2488,1537
Cathy Prescott,ldetoc7v@weather.com,982-338-8330,8,1879,5402
Chad Cunningham,jprazor9x@fema.gov,324-592-4752,6,2254,1771
Chad McGuire,aklimmekfh@marriott.com,828-139-1360,4,1805,1662
Chad Sievert,dmartynov5p@globo.com,320-103-4439,4,2286,885
Charles Crestani,lmackenzieb2@washington.edu,188-461-6355,7,1903,2472
Charles McCrossin,hhacqueljz@wsj.com,880-376-7502,6,1823,2533
Charles Sheldon,hhanniger38@barnesandnoble.com,215-136-8539,5,2029,844
Charlotte Melton,bpassinghamew@wix.com,474-968-7113,6,1805,1475
Chloris Kastensmidt,thowitt4k@merriam-webster.com,512-178-4669,13,1836,3157
Chris Cortes,gvine1d@tamu.edu,926-736-7747,12,1817,3913
Chris McAfee,etolcherji@merriam-webster.com,140-586-1853,5,2182,2307
Chris Selesnick,cbrinkmann@guardian.co.uk,468-261-6235,12,1823,2754
Christina Anderson,tfonzo87@taobao.com,946-189-6168,9,1853,2648
Christina DeMoss,hmuntlf@icio.us,720-323-9905,2,1839,1206
Christina VanderZanden,ztoderbruggecf@i2i.jp,532-376-7990,5,2051,2830
Christine Abelman,cbartkowiaklt@intel.com,420-190-4129,4,1810,1422
Christine Kargatis,gpiatkow1r@usgs.gov,321-959-8565,5,1917,2946
Christine Phan,dclaussenfi@istockphoto.com,566-741-3438,8,1957,5889
Christine Sundaresam,olisciandro33@nymag.com,603-690-4847,11,1803,3202
Christopher Conant,pmilvarniekt@fc2.com,234-815-2660,5,1840,12129
Christopher Martinez,tcomazzoh7@independent.co.uk,378-755-7044,4,1834,8953
Christopher Schild,rcrosthwaite7z@163.com,391-312-7796,9,1799,3651
Christy Brittain,rmccroftk3@ft.com,457-594-5792,8,1823,1950
Chuck Clark,tgrieveio@answers.com,282-248-4155,10,1797,2870
Chuck Magee,callnutt9k@nsw.gov.au,605-866-1285,3,2233,288
Chuck Sachs,ccaneolx@php.net,674-863-2116,2,1824,551
Cindy Chapman,ibirkkz@vinaora.com,377-276-0060,9,1836,1660
Cindy Schnelling,vherionha@ucoz.com,497-542-8735,4,2221,1077
Cindy Stewart,aberkowitz9@yellowpages.com,978-848-1687,6,1855,5691
Claire Gute,cdalinderl6@mayoclinic.com,815-662-5532,3,2135,1149
Claudia Bergmann,kbroxtonet@harvard.edu,848-285-6665,8,1994,4246
Clay Cheatham,jshellsheerels@statcounter.com,679-885-7325,3,1824,113
Clay Ludtke,sholston58@cnn.com,137-848-1143,12,2081,10879
Clay Rozendal,sleytonjj@vinaora.com,192-967-0152,4,1854,2149
Clytie Kelty,nheather2a@jalbum.net,999-143-7639,11,1840,2373
Corey Catlett,etregunna76@sphinn.com,364-148-8804,7,1831,2541
Corey Roper,bpaulot3s@cdc.gov,772-812-6074,3,2267,476
Corey-Lock,brace9w@about.me,763-311-5903,5,2346,1300
Corinna Mitchell,ddriveri4@nps.gov,660-482-8337,6,1824,6339
Craig Carreira,hmiltoncs@quantcast.com,375-217-1163,7,1826,2270
Craig Carroll,llillofu@goo.ne.jp,905-108-9978,4,2596,2854
Craig Leslie,gperottiju@google.it,913-572-5784,5,1902,2353
Craig Molinari,ceads1c@blogspot.com,649-401-1561,4,2832,3985
Craig Reiter,hcheshired@sciencedirect.com,978-849-0195,4,1875,1600
Craig Yedwab,cobeefx@soup.io,202-671-2071,8,1857,2900
Cyma Kinney,fpallas1x@opera.com,439-359-2062,9,1879,1581
Cynthia Arntzen,kcossellax@g.co,908-373-9274,7,1917,3041
Cynthia Delaney,sseyfartan@umich.edu,703-238-4069,5,2196,1859
Cynthia Voltz,hcaldeirokc@over-blog.com,438-475-0175,9,1802,2370
Cyra Reiten,csnelgarhb@mit.edu,991-436-8347,3,1882,1398
Damala Kotsonis,kpibornb4@barnesandnoble.com,359-885-2355,12,1818,3256
Dan Campbell,aeulerbl@cdc.gov,838-415-5473,9,1834,3335
Dan Lawera,crubegabd@jugem.jp,535-498-9437,8,1897,1503
Dan Reichenbach,tarmourf8@hexun.com,501-353-7675,9,1800,6528
Dana Kaydos,sfiddimanfj@icio.us,274-219-4209,5,1842,4282
Daniel Byrd,lpashba30@chicagotribune.com,858-132-3848,8,1818,2172
Daniel Lacy,mwoodlandsg8@shutterfly.com,291-803-3056,6,1854,3273
Daniel Raglin,dchamperlenb@pen.io,670-756-4031,8,1847,8351
Dario Medina,cettritchg@huffingtonpost.com,467-711-3100,7,1911,1322
Darren Budd,clismeri6@msu.edu,332-379-5621,5,2038,2840
Darren Koutras,gsalsbergdr@dedecms.com,186-417-1632,5,1804,1687
Darren Powers,bwaldera1i@columbia.edu,513-661-7683,9,1923,1052
Darrin Martin,jkleedm@salon.com,195-326-6935,7,1854,6346